               epoch,      train/box_loss,      train/obj_loss,      train/cls_loss,   metrics/precision,      metrics/recall,     metrics/mAP_0.5,metrics/mAP_0.5:0.95,        val/box_loss,        val/obj_loss,        val/cls_loss,               x/lr0,               x/lr1,               x/lr2
                   0,             0.06116,            0.018822,            0.056856,             0.11116,             0.52134,             0.13726,            0.089092,              0.0302,             0.00561,            0.038471,            0.070294,           0.0033007,           0.0033007
                   1,            0.041353,            0.013611,             0.05112,             0.13025,             0.81489,             0.21672,              0.1451,            0.029554,           0.0039387,            0.035024,            0.040278,           0.0066176,           0.0066176
                   2,             0.03989,            0.011977,            0.051359,             0.12429,              0.2823,             0.12385,             0.06899,            0.041005,            0.010321,            0.036817,            0.010245,            0.009918,            0.009918
                   3,            0.038798,            0.012716,            0.053194,              0.1112,             0.23587,              0.1107,             0.06981,            0.030235,           0.0070594,            0.034817,           0.0099258,           0.0099258,           0.0099258
                   4,            0.032948,            0.011363,            0.048983,              0.1887,              0.6455,             0.28145,             0.19955,            0.021949,           0.0033021,            0.031905,           0.0099258,           0.0099258,           0.0099258
                   5,            0.033059,            0.010944,            0.049885,             0.25377,             0.60823,             0.30921,             0.21784,            0.026664,           0.0040844,            0.030056,            0.009901,            0.009901,            0.009901
                   6,            0.031612,            0.010669,            0.050083,             0.31866,             0.59663,              0.3252,             0.23474,            0.021305,            0.003497,            0.031386,           0.0098763,           0.0098763,           0.0098763
                   7,             0.03017,            0.010518,            0.048819,             0.22113,             0.70027,             0.36411,             0.27016,            0.023163,           0.0027767,            0.030163,           0.0098515,           0.0098515,           0.0098515
                   8,            0.029319,            0.010056,             0.04754,             0.25486,             0.58141,             0.31417,             0.24499,            0.022632,           0.0026694,            0.033916,           0.0098268,           0.0098268,           0.0098268
                   9,            0.028379,            0.010085,            0.047707,             0.30978,             0.58407,              0.3724,             0.29213,            0.020042,           0.0026711,            0.030772,            0.009802,            0.009802,            0.009802
                  10,            0.027647,           0.0098081,            0.046367,             0.37939,             0.68069,             0.46648,             0.36903,            0.019419,           0.0026151,             0.02897,           0.0097773,           0.0097773,           0.0097773
                  11,            0.026611,           0.0097537,            0.046183,             0.33442,             0.70938,             0.45771,             0.35729,            0.019075,           0.0025319,            0.028559,           0.0097525,           0.0097525,           0.0097525
                  12,            0.026424,           0.0095072,            0.044789,             0.35494,             0.61165,             0.45338,             0.35237,            0.019669,           0.0026695,            0.028283,           0.0097278,           0.0097278,           0.0097278
                  13,            0.026415,           0.0094666,            0.044493,             0.34015,             0.75396,             0.47657,             0.37466,            0.019541,           0.0026199,            0.028511,            0.009703,            0.009703,            0.009703
                  14,            0.026235,           0.0094692,            0.044095,             0.33662,             0.64677,             0.44925,              0.3459,            0.018925,           0.0027415,             0.02941,           0.0096783,           0.0096783,           0.0096783
                  15,            0.026629,           0.0094595,            0.043663,             0.40735,             0.74098,             0.53425,             0.41767,             0.01852,           0.0025387,            0.026019,           0.0096535,           0.0096535,           0.0096535
                  16,            0.025963,           0.0092338,            0.043764,             0.34992,             0.70041,             0.44909,             0.35558,            0.018306,           0.0026489,            0.031647,           0.0096288,           0.0096288,           0.0096288
                  17,            0.024902,           0.0092179,            0.042133,             0.34938,             0.67964,             0.43627,             0.34602,            0.021403,           0.0028805,            0.038995,            0.009604,            0.009604,            0.009604
                  18,            0.027347,           0.0095677,            0.042742,             0.41037,             0.69085,             0.51881,             0.41302,            0.019389,           0.0025433,            0.028513,           0.0095793,           0.0095793,           0.0095793
                  19,            0.025497,           0.0092645,            0.042515,              0.4579,             0.72412,             0.56339,             0.44681,            0.019728,           0.0025011,            0.026318,           0.0095545,           0.0095545,           0.0095545
                  20,            0.025101,           0.0092868,            0.042449,             0.42562,             0.71697,             0.56051,             0.44145,            0.019037,           0.0024888,            0.027412,           0.0095298,           0.0095298,           0.0095298
                  21,            0.025856,           0.0092102,            0.041587,             0.48273,             0.70405,             0.58405,             0.46753,             0.01784,           0.0026099,            0.028877,            0.009505,            0.009505,            0.009505
                  22,            0.024565,           0.0091418,            0.041795,             0.43616,             0.66329,             0.54378,             0.42771,            0.018219,           0.0024584,            0.026933,           0.0094803,           0.0094803,           0.0094803
                  23,            0.025041,           0.0090531,            0.040665,             0.33984,             0.65638,              0.4097,             0.32274,            0.019406,           0.0025194,             0.03161,           0.0094555,           0.0094555,           0.0094555
                  24,            0.024129,           0.0092317,            0.041578,             0.46361,             0.67804,             0.56449,             0.43882,            0.020848,           0.0027244,             0.02584,           0.0094307,           0.0094307,           0.0094307
                  25,              0.0252,           0.0091557,            0.041433,              0.4151,             0.71862,             0.51294,             0.40103,             0.01947,           0.0025298,            0.025175,            0.009406,            0.009406,            0.009406
                  26,            0.024486,            0.009218,              0.0395,             0.49607,             0.67243,             0.57985,             0.46128,            0.019754,           0.0024845,              0.0244,           0.0093813,           0.0093813,           0.0093813
                  27,            0.025199,           0.0093229,            0.041558,             0.42267,             0.66308,             0.54438,             0.42451,            0.020213,           0.0026339,            0.026837,           0.0093565,           0.0093565,           0.0093565
                  28,            0.024899,           0.0090604,            0.040185,             0.45043,             0.74444,             0.57932,             0.46135,            0.018459,           0.0024658,             0.02707,           0.0093317,           0.0093317,           0.0093317
                  29,            0.023903,           0.0090512,            0.040296,             0.40108,             0.74742,             0.56033,             0.44175,            0.018347,           0.0025743,            0.026075,            0.009307,            0.009307,            0.009307
                  30,            0.024704,           0.0090372,            0.039941,             0.41709,             0.78339,             0.55268,             0.43976,            0.018612,           0.0025893,            0.029629,           0.0092823,           0.0092823,           0.0092823
                  31,            0.024094,           0.0091081,             0.04072,             0.43788,             0.71405,             0.55904,             0.42831,            0.021136,           0.0026502,            0.029603,           0.0092575,           0.0092575,           0.0092575
                  32,            0.024306,           0.0091625,            0.038992,             0.43681,             0.72892,             0.53628,             0.42542,            0.021324,           0.0026142,             0.03104,           0.0092327,           0.0092327,           0.0092327
                  33,            0.023685,            0.009119,            0.040252,               0.447,             0.66369,             0.55335,             0.44248,            0.018127,           0.0025355,            0.025627,            0.009208,            0.009208,            0.009208
                  34,            0.024442,           0.0093113,            0.040163,             0.42099,             0.69672,             0.54825,             0.43538,            0.020012,           0.0026347,            0.028709,           0.0091833,           0.0091833,           0.0091833
                  35,            0.024097,           0.0092236,            0.039807,             0.47265,             0.72752,             0.55072,             0.44371,            0.018415,           0.0024749,             0.02857,           0.0091585,           0.0091585,           0.0091585
                  36,            0.024865,           0.0090451,            0.038883,             0.46492,               0.709,             0.58068,             0.45692,            0.019007,           0.0025649,            0.024499,           0.0091337,           0.0091337,           0.0091337
                  37,            0.024892,           0.0092702,            0.040199,             0.35738,             0.68783,             0.43969,             0.33779,            0.021167,           0.0025661,            0.032426,            0.009109,            0.009109,            0.009109
                  38,            0.024129,           0.0090496,             0.03909,             0.53332,             0.69384,             0.61738,              0.4928,            0.018302,           0.0024756,            0.028033,           0.0090843,           0.0090843,           0.0090843
                  39,            0.022888,           0.0091063,            0.038324,              0.4335,             0.70803,             0.54987,               0.438,            0.020312,           0.0024904,            0.030163,           0.0090595,           0.0090595,           0.0090595
                  40,            0.023985,           0.0090314,            0.038969,             0.49739,             0.68711,              0.5978,             0.47786,            0.018501,           0.0025259,            0.029938,           0.0090347,           0.0090347,           0.0090347
                  41,            0.024382,           0.0090782,            0.038132,             0.44833,             0.60016,             0.54465,             0.42896,            0.020036,           0.0026116,            0.032743,             0.00901,             0.00901,             0.00901
                  42,            0.023153,           0.0091066,            0.040379,             0.48158,             0.68652,             0.60382,             0.48186,            0.016999,           0.0024859,            0.024883,           0.0089853,           0.0089853,           0.0089853
                  43,            0.023579,           0.0090704,             0.03928,             0.43854,             0.74851,             0.54555,              0.4267,            0.018225,            0.002566,            0.027735,           0.0089605,           0.0089605,           0.0089605
                  44,            0.023763,           0.0091291,            0.037913,             0.44457,             0.73367,             0.59311,             0.47511,            0.017751,           0.0025253,            0.027631,           0.0089358,           0.0089358,           0.0089358
                  45,            0.023117,           0.0090343,            0.038439,             0.50286,             0.72186,             0.60379,             0.48409,            0.019157,           0.0025306,            0.028263,            0.008911,            0.008911,            0.008911
                  46,            0.023404,           0.0089561,            0.039436,             0.45265,             0.68839,             0.58629,             0.46938,            0.017012,           0.0024581,            0.026668,           0.0088863,           0.0088863,           0.0088863
                  47,            0.023738,           0.0087169,            0.037284,             0.49829,             0.71541,             0.59529,             0.47708,            0.018079,           0.0025482,            0.030632,           0.0088615,           0.0088615,           0.0088615
                  48,            0.023281,           0.0088525,            0.037954,             0.40926,             0.73631,              0.5827,             0.46392,            0.017989,           0.0024399,            0.029579,           0.0088368,           0.0088368,           0.0088368
                  49,            0.023595,           0.0088853,             0.03855,              0.4657,             0.76293,             0.58741,             0.47541,             0.01757,           0.0024371,            0.028357,            0.008812,            0.008812,            0.008812
                  50,            0.023106,           0.0087272,            0.036957,             0.49484,              0.7007,             0.61821,             0.49786,            0.017093,           0.0024026,            0.025207,           0.0087872,           0.0087872,           0.0087872
                  51,            0.022784,           0.0088436,            0.037492,             0.49855,             0.68149,             0.59414,              0.4769,            0.016841,           0.0025059,            0.024908,           0.0087625,           0.0087625,           0.0087625
                  52,             0.02377,           0.0091956,            0.038311,             0.45415,              0.7186,             0.56268,             0.44977,            0.018796,            0.002503,            0.028759,           0.0087378,           0.0087378,           0.0087378
                  53,            0.023618,           0.0090822,            0.037959,              0.5075,             0.66388,             0.58539,             0.46413,            0.018195,           0.0024665,            0.024913,            0.008713,            0.008713,            0.008713
                  54,            0.023423,           0.0089063,            0.037451,             0.48428,             0.65949,             0.58973,             0.47263,            0.019721,           0.0024823,            0.025449,           0.0086882,           0.0086882,           0.0086882
                  55,             0.02356,           0.0089435,            0.036468,              0.4527,             0.76788,             0.59208,             0.47924,            0.018414,           0.0024125,            0.027077,           0.0086635,           0.0086635,           0.0086635
                  56,            0.022316,            0.008818,            0.036625,             0.52888,             0.71133,             0.62561,             0.49759,             0.01801,           0.0024489,            0.024954,           0.0086388,           0.0086388,           0.0086388
                  57,            0.023305,           0.0091282,            0.037651,             0.47029,             0.69229,             0.60216,             0.47326,            0.019017,            0.002544,            0.026117,            0.008614,            0.008614,            0.008614
                  58,            0.023026,           0.0092079,             0.03794,               0.518,             0.63329,             0.60009,             0.48278,            0.017153,           0.0024395,            0.026328,           0.0085893,           0.0085893,           0.0085893
                  59,            0.022945,           0.0088903,            0.035611,             0.50281,             0.75404,             0.61108,             0.48728,            0.017537,           0.0025009,            0.030338,           0.0085645,           0.0085645,           0.0085645
                  60,            0.022999,           0.0086524,            0.036582,             0.49514,              0.7494,             0.60839,             0.48868,            0.017964,           0.0023908,            0.025893,           0.0085398,           0.0085398,           0.0085398
                  61,            0.023233,           0.0086844,            0.035072,             0.45634,             0.76749,             0.59309,              0.4691,            0.018749,           0.0025137,            0.025979,            0.008515,            0.008515,            0.008515
                  62,             0.02313,           0.0089069,            0.036641,             0.52409,             0.69973,              0.6137,             0.49116,            0.018709,           0.0024612,            0.031712,           0.0084903,           0.0084903,           0.0084903
                  63,            0.022394,           0.0087473,            0.034596,             0.53325,             0.65162,             0.61136,             0.48782,             0.01822,           0.0024274,            0.027805,           0.0084655,           0.0084655,           0.0084655
                  64,              0.0223,           0.0087462,            0.035735,             0.53921,             0.71811,              0.6438,             0.52154,            0.019009,           0.0024824,            0.025907,           0.0084408,           0.0084408,           0.0084408
                  65,            0.022629,           0.0091814,            0.037983,              0.5365,             0.71364,              0.6457,             0.52193,            0.018859,           0.0025206,            0.024099,            0.008416,            0.008416,            0.008416
                  66,            0.022486,           0.0088069,            0.037554,              0.5276,             0.69708,             0.61076,             0.48932,            0.017477,           0.0024043,            0.028235,           0.0083913,           0.0083913,           0.0083913
                  67,            0.022191,           0.0088774,             0.03558,             0.54913,             0.71734,              0.6502,             0.52492,            0.017835,           0.0024276,            0.023079,           0.0083665,           0.0083665,           0.0083665
                  68,            0.022982,           0.0086349,            0.035228,              0.4985,             0.70612,             0.61588,             0.49769,            0.018517,           0.0024634,            0.025845,           0.0083418,           0.0083418,           0.0083418
                  69,            0.023069,           0.0087576,            0.034671,             0.53426,              0.7236,             0.62921,             0.50398,            0.018868,           0.0024579,             0.02736,            0.008317,            0.008317,            0.008317
                  70,            0.022777,           0.0089898,            0.035691,             0.52771,             0.65525,             0.62255,             0.50542,            0.018091,           0.0024209,            0.023521,           0.0082922,           0.0082922,           0.0082922
                  71,            0.022772,           0.0088927,            0.037106,             0.52402,             0.66319,             0.60444,             0.47696,            0.018702,           0.0024682,            0.026934,           0.0082675,           0.0082675,           0.0082675
                  72,            0.021552,           0.0087166,            0.033567,             0.52219,             0.73174,             0.63235,             0.51171,             0.01848,           0.0024407,             0.02639,           0.0082428,           0.0082428,           0.0082428
                  73,            0.021795,           0.0086778,            0.035242,             0.52789,             0.71282,             0.61479,             0.49367,            0.017751,           0.0024562,            0.026587,            0.008218,            0.008218,            0.008218
                  74,            0.022942,           0.0088938,            0.035614,             0.57481,             0.66232,             0.64955,             0.52378,            0.017951,           0.0024308,            0.026268,           0.0081932,           0.0081932,           0.0081932
                  75,            0.023251,           0.0088557,            0.036236,             0.59738,             0.62359,             0.63112,             0.50836,            0.019045,           0.0024179,            0.024488,           0.0081685,           0.0081685,           0.0081685
                  76,            0.022563,            0.008895,            0.036418,             0.54302,             0.71747,             0.63608,             0.51687,            0.018511,           0.0024321,            0.030515,           0.0081437,           0.0081437,           0.0081437
                  77,            0.022156,           0.0089519,            0.034856,             0.54175,             0.72919,             0.65031,             0.52477,            0.018442,           0.0023899,            0.030477,            0.008119,            0.008119,            0.008119
                  78,            0.023055,           0.0088617,            0.034903,              0.5156,             0.70055,             0.62313,             0.50609,            0.016812,           0.0023261,            0.025197,           0.0080942,           0.0080942,           0.0080942
                  79,            0.022874,           0.0090135,            0.035535,             0.53483,             0.74596,             0.65021,             0.52356,            0.017334,           0.0023925,            0.024564,           0.0080695,           0.0080695,           0.0080695
                  80,            0.022383,           0.0089986,            0.035587,             0.56486,              0.7233,             0.65258,             0.52526,            0.017829,           0.0023828,            0.024687,           0.0080447,           0.0080447,           0.0080447
                  81,            0.021534,           0.0086094,             0.03488,             0.55835,             0.67226,             0.64825,             0.51981,            0.018531,           0.0024043,            0.026681,             0.00802,             0.00802,             0.00802
                  82,            0.022873,           0.0087845,            0.035268,             0.52948,             0.74516,             0.63697,             0.50983,             0.01824,            0.002393,            0.028527,           0.0079953,           0.0079953,           0.0079953
                  83,            0.021857,           0.0087968,              0.0349,              0.5151,             0.73565,              0.6329,             0.51238,            0.017793,           0.0023943,            0.026995,           0.0079705,           0.0079705,           0.0079705
                  84,            0.021776,           0.0088232,            0.034826,             0.54886,             0.72252,             0.64152,             0.51719,             0.01815,           0.0024087,            0.028713,           0.0079457,           0.0079457,           0.0079457
                  85,            0.021752,           0.0087674,            0.033734,             0.52471,             0.76685,             0.65786,             0.52914,            0.018727,           0.0023773,            0.026383,            0.007921,            0.007921,            0.007921
                  86,            0.022362,           0.0085792,            0.033502,             0.52805,             0.75011,             0.65917,             0.53477,            0.018672,           0.0023379,            0.026042,           0.0078963,           0.0078963,           0.0078963
                  87,            0.021155,           0.0086777,             0.03284,             0.56236,             0.66077,             0.65277,             0.53016,            0.018453,           0.0023943,            0.031285,           0.0078715,           0.0078715,           0.0078715
                  88,             0.02214,           0.0086431,            0.033637,             0.53885,             0.69649,             0.63998,             0.51688,            0.018598,           0.0023852,            0.027189,           0.0078467,           0.0078467,           0.0078467
                  89,            0.021869,           0.0088324,             0.03376,             0.57247,             0.68298,             0.64459,             0.52466,            0.018142,           0.0023696,            0.023633,            0.007822,            0.007822,            0.007822
                  90,            0.021354,           0.0089996,            0.034725,             0.56886,              0.6537,             0.63766,             0.51905,            0.017682,           0.0023937,            0.025361,           0.0077973,           0.0077973,           0.0077973
                  91,            0.022932,           0.0088096,            0.033884,             0.53285,             0.74206,             0.64843,             0.52154,            0.018682,           0.0024314,            0.026255,           0.0077725,           0.0077725,           0.0077725
                  92,            0.021572,           0.0086768,            0.034311,             0.56321,             0.66477,             0.65242,             0.52627,              0.0186,            0.002423,            0.024274,           0.0077478,           0.0077478,           0.0077478
                  93,            0.021568,           0.0088093,            0.034123,             0.56242,             0.67496,             0.65065,             0.52432,            0.018108,           0.0023902,            0.028313,            0.007723,            0.007723,            0.007723
                  94,            0.022284,           0.0089295,            0.035393,             0.56705,             0.66643,             0.63831,             0.51359,            0.018357,           0.0023895,            0.029456,           0.0076983,           0.0076983,           0.0076983
                  95,            0.021442,           0.0088438,            0.033811,             0.56285,              0.6917,             0.64048,             0.51377,            0.018612,           0.0023924,            0.025403,           0.0076735,           0.0076735,           0.0076735
                  96,            0.021781,           0.0086262,            0.033653,              0.5606,             0.71559,             0.65466,             0.52542,            0.018259,           0.0023713,            0.024529,           0.0076488,           0.0076488,           0.0076488
                  97,            0.022179,           0.0087629,            0.033021,             0.55723,              0.7093,             0.65295,              0.5268,            0.018096,           0.0023758,            0.027613,            0.007624,            0.007624,            0.007624
                  98,            0.022337,           0.0088135,            0.032355,             0.56591,             0.70539,             0.65076,             0.52122,            0.018322,             0.00239,            0.024223,           0.0075993,           0.0075993,           0.0075993
                  99,            0.021563,           0.0088791,            0.034646,             0.59479,              0.6652,             0.65222,             0.52575,            0.018576,           0.0023913,            0.024371,           0.0075745,           0.0075745,           0.0075745
                 100,            0.021566,           0.0086948,            0.033685,             0.59406,             0.67483,             0.65858,             0.53546,             0.01838,           0.0023836,            0.026041,           0.0075498,           0.0075498,           0.0075498
                 101,             0.02272,            0.008785,            0.034095,             0.60273,              0.6435,             0.65597,             0.52946,            0.017918,            0.002382,            0.026583,            0.007525,            0.007525,            0.007525
                 102,            0.022495,           0.0088383,            0.033711,             0.59042,             0.66358,             0.65311,             0.52663,            0.017739,           0.0023945,            0.026694,           0.0075003,           0.0075003,           0.0075003
                 103,            0.021692,           0.0087706,            0.033217,             0.59282,             0.68178,              0.6552,             0.52673,            0.017783,           0.0023946,            0.024178,           0.0074755,           0.0074755,           0.0074755
                 104,             0.02138,           0.0086141,            0.031806,             0.57469,             0.69002,             0.66262,             0.53153,            0.018097,            0.002411,            0.025065,           0.0074507,           0.0074507,           0.0074507
                 105,            0.022115,           0.0085554,            0.033171,             0.56508,             0.72146,             0.66271,             0.53103,            0.018147,           0.0024133,            0.025143,            0.007426,            0.007426,            0.007426
                 106,            0.022314,           0.0087587,            0.032142,             0.57309,             0.69809,             0.66026,             0.53211,            0.018066,           0.0023955,            0.025293,           0.0074013,           0.0074013,           0.0074013
                 107,            0.021795,           0.0086593,            0.032126,             0.54983,             0.73002,             0.65901,             0.53031,             0.01777,           0.0023649,            0.025755,           0.0073765,           0.0073765,           0.0073765
                 108,            0.021334,           0.0087116,            0.032226,             0.56678,             0.71892,             0.66277,             0.53103,             0.01809,           0.0023654,            0.026545,           0.0073517,           0.0073517,           0.0073517
                 109,            0.022039,           0.0086783,            0.032339,             0.59753,             0.68509,             0.66369,              0.5341,            0.018103,           0.0023742,            0.025808,            0.007327,            0.007327,            0.007327
                 110,            0.021369,           0.0085669,            0.030945,             0.57667,             0.71611,              0.6633,             0.53124,            0.017674,           0.0023945,             0.02486,           0.0073023,           0.0073023,           0.0073023
                 111,            0.020703,           0.0083372,            0.030984,             0.58635,             0.69721,             0.66369,             0.53172,            0.017423,           0.0023803,            0.024996,           0.0072775,           0.0072775,           0.0072775
                 112,            0.021701,            0.008651,            0.031332,             0.58799,             0.69902,             0.66401,             0.53351,            0.017507,           0.0023695,            0.025651,           0.0072527,           0.0072527,           0.0072527
                 113,            0.021016,           0.0086145,             0.03314,             0.56516,             0.74096,             0.66079,             0.53108,             0.01759,           0.0023776,            0.026248,            0.007228,            0.007228,            0.007228
                 114,            0.021915,           0.0085788,            0.033461,             0.57384,             0.71511,             0.66075,              0.5317,            0.017686,           0.0023827,            0.028652,           0.0072033,           0.0072033,           0.0072033
                 115,            0.021826,           0.0086331,            0.032018,             0.56172,             0.73979,              0.6603,             0.53117,            0.017657,           0.0023847,            0.029047,           0.0071785,           0.0071785,           0.0071785
                 116,            0.021295,           0.0087622,            0.032814,             0.57286,             0.70672,             0.65857,             0.53028,            0.017599,           0.0023922,            0.029484,           0.0071538,           0.0071538,           0.0071538
                 117,            0.021646,           0.0084774,            0.030231,             0.57055,             0.71045,             0.65356,              0.5262,            0.017566,           0.0023882,            0.030268,            0.007129,            0.007129,            0.007129
                 118,            0.021653,           0.0087295,            0.032974,             0.58807,             0.69899,             0.65913,              0.5325,            0.017505,           0.0023741,            0.029295,           0.0071042,           0.0071042,           0.0071042
                 119,            0.021033,           0.0088119,            0.032739,             0.57104,             0.71933,              0.6615,             0.53433,            0.017374,            0.002378,            0.027017,           0.0070795,           0.0070795,           0.0070795
                 120,            0.021709,           0.0083756,            0.031311,             0.56819,             0.73271,              0.6609,             0.53346,            0.017489,           0.0023863,            0.028001,           0.0070547,           0.0070547,           0.0070547
                 121,            0.021702,           0.0085847,            0.030759,             0.57135,             0.72039,             0.65916,             0.53181,            0.017547,           0.0023906,            0.028572,             0.00703,             0.00703,             0.00703
                 122,            0.020686,            0.008504,            0.031673,             0.57631,             0.71831,             0.66072,             0.53418,            0.017599,           0.0023783,            0.026973,           0.0070053,           0.0070053,           0.0070053
                 123,            0.020752,           0.0087613,             0.03167,              0.5581,             0.72704,              0.6594,             0.53324,            0.017648,           0.0023726,             0.02753,           0.0069805,           0.0069805,           0.0069805
                 124,            0.022178,           0.0085594,            0.032936,             0.55728,             0.72465,             0.66175,             0.53621,            0.017904,           0.0023715,            0.028259,           0.0069558,           0.0069558,           0.0069558
                 125,               0.021,           0.0086285,            0.031934,              0.5794,             0.69248,             0.66068,             0.53517,            0.017961,           0.0023661,            0.027019,            0.006931,            0.006931,            0.006931
                 126,            0.021108,           0.0086545,             0.03219,              0.5518,              0.7366,             0.65975,             0.53672,            0.018054,           0.0023748,            0.027307,           0.0069063,           0.0069063,           0.0069063
                 127,            0.021489,           0.0085355,            0.030268,             0.56179,             0.73077,             0.65912,             0.53522,             0.01808,           0.0023808,            0.027231,           0.0068815,           0.0068815,           0.0068815
                 128,            0.020919,           0.0084969,            0.031069,             0.56002,             0.73308,             0.66035,             0.53701,            0.018041,            0.002378,            0.026604,           0.0068568,           0.0068568,           0.0068568
                 129,            0.021049,           0.0084739,            0.030845,             0.56196,             0.71667,             0.66196,             0.53805,            0.018012,           0.0023807,            0.026304,            0.006832,            0.006832,            0.006832
                 130,              0.0223,           0.0083806,            0.029972,             0.56962,             0.71448,             0.66048,             0.53597,            0.017891,           0.0023777,            0.025843,           0.0068073,           0.0068073,           0.0068073
                 131,            0.021313,            0.008642,            0.030753,             0.57511,             0.71078,             0.66295,              0.5386,            0.017711,           0.0023767,            0.025613,           0.0067825,           0.0067825,           0.0067825
                 132,            0.020642,           0.0084103,            0.028815,             0.61007,             0.66322,             0.66596,             0.54015,            0.017657,           0.0023792,            0.026685,           0.0067577,           0.0067577,           0.0067577
                 133,            0.021057,           0.0083667,            0.029088,             0.58381,             0.70731,             0.66684,              0.5408,            0.017617,           0.0023768,            0.027798,            0.006733,            0.006733,            0.006733
                 134,            0.020999,            0.008405,            0.028632,             0.57913,             0.70301,             0.66463,             0.53843,            0.017637,           0.0023757,            0.028828,           0.0067082,           0.0067082,           0.0067082
                 135,            0.020966,           0.0085782,            0.031501,             0.57629,             0.70728,             0.66503,             0.53947,            0.017571,            0.002373,            0.029056,           0.0066835,           0.0066835,           0.0066835
                 136,            0.022079,           0.0085567,            0.031369,             0.56772,             0.72617,             0.66571,             0.54091,            0.017414,           0.0023723,            0.029567,           0.0066587,           0.0066587,           0.0066587
                 137,            0.021309,           0.0084728,            0.029868,             0.57198,              0.7228,             0.66615,             0.54045,            0.017304,           0.0023702,            0.029637,            0.006634,            0.006634,            0.006634
                 138,            0.020813,            0.008764,            0.033946,              0.5813,             0.70829,             0.66338,             0.53773,            0.017214,            0.002366,            0.029112,           0.0066092,           0.0066092,           0.0066092
                 139,             0.02117,           0.0086046,            0.029672,              0.5835,             0.69759,               0.663,             0.53904,            0.017231,             0.00236,            0.028767,           0.0065845,           0.0065845,           0.0065845
                 140,            0.021472,           0.0085913,            0.030884,             0.58119,             0.69281,             0.66208,             0.53878,            0.017145,           0.0023579,            0.028899,           0.0065598,           0.0065598,           0.0065598
                 141,             0.02082,           0.0084889,            0.031204,              0.5709,             0.70355,             0.66104,             0.53734,            0.016999,           0.0023568,            0.028739,            0.006535,            0.006535,            0.006535
                 142,            0.020842,             0.00856,            0.030048,             0.55844,             0.72989,             0.66122,             0.53816,            0.016894,           0.0023586,            0.027728,           0.0065102,           0.0065102,           0.0065102
                 143,            0.021062,           0.0084423,             0.03003,              0.5584,              0.7344,             0.66294,             0.53912,            0.016873,           0.0023557,            0.027464,           0.0064855,           0.0064855,           0.0064855
                 144,            0.021458,            0.008745,            0.031347,             0.56058,             0.72789,             0.66327,             0.53864,             0.01689,           0.0023597,            0.027284,           0.0064608,           0.0064608,           0.0064608
                 145,            0.020982,           0.0084961,            0.028959,             0.55387,             0.73472,             0.66198,             0.53784,            0.016908,           0.0023633,            0.027291,            0.006436,            0.006436,            0.006436
                 146,            0.021765,           0.0085013,            0.030126,             0.56699,             0.69995,             0.66383,             0.53994,            0.016991,           0.0023686,            0.027448,           0.0064112,           0.0064112,           0.0064112
                 147,              0.0201,           0.0083484,            0.029027,             0.57616,             0.69148,             0.66366,              0.5408,            0.017021,           0.0023685,             0.02727,           0.0063865,           0.0063865,           0.0063865
                 148,            0.020622,           0.0082571,            0.030451,             0.58512,             0.68259,             0.66234,             0.54037,            0.017047,           0.0023725,            0.027428,           0.0063618,           0.0063618,           0.0063618
                 149,            0.021518,           0.0084232,            0.028813,             0.59865,             0.66611,             0.66125,             0.53839,              0.0171,           0.0023749,            0.027361,            0.006337,            0.006337,            0.006337
                 150,            0.019647,           0.0082689,            0.028695,             0.59245,             0.67165,             0.66023,               0.537,            0.017073,           0.0023762,            0.027146,           0.0063122,           0.0063122,           0.0063122
                 151,            0.020454,           0.0083709,            0.028139,             0.57803,             0.69186,              0.6601,             0.53668,            0.017091,           0.0023773,            0.027206,           0.0062875,           0.0062875,           0.0062875
                 152,            0.020727,           0.0084235,            0.028768,             0.58339,             0.68623,             0.66018,             0.53731,             0.01714,           0.0023772,            0.027087,           0.0062628,           0.0062628,           0.0062628
                 153,            0.021031,           0.0084228,            0.029974,             0.57421,             0.70657,             0.66073,             0.53701,             0.01717,           0.0023794,            0.027087,            0.006238,            0.006238,            0.006238
                 154,            0.021511,           0.0085587,            0.028736,             0.56443,             0.72093,             0.66042,             0.53651,            0.017232,           0.0023808,            0.027406,           0.0062132,           0.0062132,           0.0062132
                 155,            0.021247,           0.0084166,            0.028504,             0.56685,             0.70631,             0.66033,             0.53683,            0.017249,           0.0023824,            0.027612,           0.0061885,           0.0061885,           0.0061885
                 156,            0.020853,           0.0083303,             0.02837,              0.5644,             0.72211,             0.66033,             0.53592,            0.017248,           0.0023824,            0.027586,           0.0061637,           0.0061637,           0.0061637
                 157,            0.020525,           0.0083272,             0.02679,             0.56798,             0.71767,             0.66161,             0.53746,             0.01725,           0.0023839,            0.027476,            0.006139,            0.006139,            0.006139
                 158,            0.020355,           0.0083215,            0.027719,             0.56646,             0.72072,             0.66243,             0.53693,            0.017241,           0.0023826,            0.027102,           0.0061142,           0.0061142,           0.0061142
                 159,            0.019779,           0.0083741,            0.028113,             0.57547,             0.69943,             0.66069,             0.53622,            0.017233,           0.0023823,            0.026918,           0.0060895,           0.0060895,           0.0060895
                 160,            0.020382,           0.0082499,            0.027045,             0.57675,             0.69748,             0.66101,             0.53625,             0.01722,           0.0023842,            0.026953,           0.0060647,           0.0060647,           0.0060647
                 161,            0.020483,           0.0084329,            0.027394,             0.57734,             0.69703,              0.6617,             0.53593,             0.01721,           0.0023853,            0.027088,             0.00604,             0.00604,             0.00604
                 162,            0.020843,           0.0084301,            0.028818,             0.57672,             0.69664,             0.66206,             0.53641,            0.017179,           0.0023837,            0.027067,           0.0060152,           0.0060152,           0.0060152
                 163,            0.020967,            0.008503,                0.03,             0.58154,             0.69551,             0.66078,             0.53527,            0.017166,           0.0023821,            0.026878,           0.0059905,           0.0059905,           0.0059905
                 164,            0.020119,           0.0084877,            0.030857,             0.57821,             0.69235,             0.66079,             0.53553,            0.017142,           0.0023827,            0.026563,           0.0059658,           0.0059658,           0.0059658
                 165,            0.019758,            0.008285,            0.029222,             0.57996,             0.69602,               0.661,             0.53571,            0.017123,           0.0023834,            0.026693,            0.005941,            0.005941,            0.005941
                 166,            0.020854,           0.0082939,            0.029166,             0.57905,             0.69681,             0.66132,             0.53659,            0.017116,           0.0023836,            0.026865,           0.0059163,           0.0059163,           0.0059163
                 167,            0.020524,            0.008355,            0.028495,             0.55834,             0.73399,             0.65851,             0.53425,            0.017129,           0.0023835,            0.026857,           0.0058915,           0.0058915,           0.0058915
                 168,            0.019687,            0.008336,            0.026203,             0.55791,             0.73503,             0.65746,              0.5334,            0.017151,           0.0023833,            0.026952,           0.0058668,           0.0058668,           0.0058668
                 169,            0.019405,           0.0083947,            0.027719,             0.56041,             0.73498,             0.65714,             0.53238,            0.017182,           0.0023832,            0.027055,            0.005842,            0.005842,            0.005842
                 170,            0.020207,           0.0083128,            0.027542,             0.55992,             0.73824,             0.65733,             0.53263,            0.017219,           0.0023822,            0.027247,           0.0058173,           0.0058173,           0.0058173
                 171,            0.020527,           0.0082621,            0.028888,             0.55769,             0.73333,             0.65726,             0.53282,            0.017233,           0.0023816,            0.027297,           0.0057925,           0.0057925,           0.0057925
                 172,            0.020117,            0.008464,            0.028269,              0.5559,             0.73136,             0.65817,             0.53432,            0.017231,           0.0023814,            0.027251,           0.0057678,           0.0057678,           0.0057678
                 173,            0.020969,           0.0082998,            0.028543,              0.5556,              0.7385,              0.6606,             0.53679,            0.017228,           0.0023809,            0.027207,            0.005743,            0.005743,            0.005743
                 174,            0.020779,           0.0084078,            0.026451,             0.56238,              0.7297,             0.66034,             0.53637,             0.01721,           0.0023801,            0.027122,           0.0057183,           0.0057183,           0.0057183
                 175,            0.019941,            0.008229,            0.029509,                0.56,             0.73261,             0.66018,             0.53653,            0.017187,           0.0023798,            0.026966,           0.0056935,           0.0056935,           0.0056935
                 176,            0.019565,           0.0082738,            0.027231,             0.56394,             0.73489,             0.66081,             0.53669,            0.017195,           0.0023811,            0.026975,           0.0056688,           0.0056688,           0.0056688
                 177,            0.020226,            0.008336,            0.027429,              0.5591,             0.73924,               0.661,             0.53656,             0.01718,            0.002381,            0.026832,            0.005644,            0.005644,            0.005644
                 178,            0.019891,           0.0081571,            0.026751,             0.55817,              0.7429,             0.66168,             0.53818,            0.017183,           0.0023814,             0.02675,           0.0056193,           0.0056193,           0.0056193
                 179,            0.020249,           0.0083746,            0.026932,             0.55882,             0.74076,             0.66258,             0.53902,            0.017184,           0.0023819,            0.026769,           0.0055945,           0.0055945,           0.0055945
                 180,            0.019872,           0.0083445,              0.0272,             0.55846,             0.73241,             0.66236,             0.53846,            0.017206,           0.0023837,            0.026802,           0.0055698,           0.0055698,           0.0055698
                 181,            0.021074,           0.0082331,            0.026716,             0.55832,             0.74914,             0.66164,             0.53776,            0.017216,           0.0023835,            0.026728,            0.005545,            0.005545,            0.005545
                 182,            0.019873,           0.0081705,            0.026311,             0.55682,             0.74843,             0.66085,             0.53769,            0.017223,           0.0023831,            0.026728,           0.0055202,           0.0055202,           0.0055202
                 183,            0.019876,           0.0082087,            0.027333,             0.55538,             0.74658,             0.66114,             0.53814,            0.017223,           0.0023836,            0.026688,           0.0054955,           0.0054955,           0.0054955
                 184,            0.020105,           0.0082395,            0.026725,              0.5558,             0.74652,              0.6617,             0.53739,            0.017222,           0.0023839,            0.026585,           0.0054707,           0.0054707,           0.0054707
                 185,            0.019597,           0.0081293,            0.026722,             0.55778,             0.73677,             0.66281,             0.53892,            0.017211,           0.0023838,            0.026512,            0.005446,            0.005446,            0.005446
                 186,            0.020697,           0.0080799,            0.027017,             0.55539,             0.75531,              0.6623,             0.53926,            0.017209,            0.002384,            0.026544,           0.0054212,           0.0054212,           0.0054212
                 187,            0.020703,           0.0082692,             0.02626,             0.55595,              0.7496,             0.66224,             0.53878,            0.017204,           0.0023841,            0.026427,           0.0053965,           0.0053965,           0.0053965
                 188,             0.02129,           0.0081655,             0.02519,             0.55761,             0.75081,             0.66224,             0.53898,            0.017197,           0.0023848,            0.026352,           0.0053717,           0.0053717,           0.0053717
                 189,            0.020661,           0.0083046,             0.02707,             0.55825,             0.75375,             0.66264,             0.53907,            0.017197,           0.0023847,            0.026491,            0.005347,            0.005347,            0.005347
                 190,            0.020434,           0.0081982,            0.025969,             0.55761,             0.75114,             0.66282,             0.53937,            0.017212,           0.0023856,            0.026613,           0.0053223,           0.0053223,           0.0053223
                 191,            0.020206,           0.0081428,            0.025528,              0.5572,             0.75454,              0.6631,             0.54011,            0.017216,           0.0023859,            0.026696,           0.0052975,           0.0052975,           0.0052975
                 192,            0.019488,           0.0082807,            0.026183,              0.5599,              0.7547,             0.66342,             0.54032,             0.01722,           0.0023867,            0.026829,           0.0052727,           0.0052727,           0.0052727
                 193,            0.019082,           0.0082775,            0.025235,             0.55928,             0.75504,             0.66365,             0.54085,            0.017231,           0.0023868,            0.027025,            0.005248,            0.005248,            0.005248
                 194,            0.019232,           0.0080354,            0.026116,             0.55637,             0.75086,             0.66278,             0.54001,            0.017226,           0.0023863,            0.027114,           0.0052233,           0.0052233,           0.0052233
                 195,            0.019582,           0.0080788,            0.025813,             0.55595,             0.75409,              0.6623,             0.53958,             0.01722,            0.002386,            0.027202,           0.0051985,           0.0051985,           0.0051985
                 196,            0.018744,           0.0081609,            0.025402,             0.55873,               0.751,             0.66394,             0.54091,             0.01721,           0.0023859,            0.027234,           0.0051737,           0.0051737,           0.0051737
                 197,            0.019985,           0.0081077,            0.025394,             0.55914,              0.7513,             0.66437,             0.54112,            0.017203,           0.0023858,            0.027211,            0.005149,            0.005149,            0.005149
                 198,            0.019851,           0.0081896,            0.026913,             0.55856,             0.75055,             0.66434,             0.54134,            0.017202,           0.0023861,            0.027217,           0.0051243,           0.0051243,           0.0051243
                 199,            0.018795,             0.00819,            0.028138,             0.56057,             0.75027,             0.66398,             0.54079,             0.01719,           0.0023862,            0.027229,           0.0050995,           0.0050995,           0.0050995
                 200,            0.019839,           0.0082437,            0.027371,             0.56102,             0.74832,             0.66375,             0.54041,            0.017178,           0.0023862,            0.027166,           0.0050747,           0.0050747,           0.0050747
                 201,            0.021106,           0.0082996,            0.025803,             0.56158,             0.74776,              0.6643,             0.54093,            0.017163,           0.0023862,            0.027094,             0.00505,             0.00505,             0.00505
                 202,            0.019477,           0.0081887,            0.026143,             0.56043,             0.74932,             0.66412,             0.54084,             0.01715,           0.0023861,            0.026977,           0.0050253,           0.0050253,           0.0050253
                 203,             0.01981,           0.0079657,            0.025278,             0.56218,             0.73935,             0.66466,             0.54132,            0.017143,           0.0023861,            0.026931,           0.0050005,           0.0050005,           0.0050005
                 204,             0.02002,           0.0082437,             0.02459,             0.55832,             0.74112,             0.66478,             0.54115,            0.017142,           0.0023858,            0.026934,           0.0049758,           0.0049758,           0.0049758
                 205,            0.019621,           0.0079592,            0.024812,             0.56666,             0.73896,             0.66486,             0.54098,            0.017136,           0.0023856,            0.027003,            0.004951,            0.004951,            0.004951
                 206,            0.019422,           0.0081727,            0.025547,             0.57761,             0.72984,             0.66578,             0.54222,            0.017132,           0.0023859,            0.026981,           0.0049263,           0.0049263,           0.0049263
                 207,            0.020195,           0.0081397,            0.026571,             0.57622,             0.72634,             0.66592,             0.54246,            0.017135,           0.0023864,            0.027003,           0.0049015,           0.0049015,           0.0049015
                 208,              0.0193,            0.008286,            0.026423,             0.58126,             0.72863,             0.66553,             0.54228,            0.017133,           0.0023869,            0.027037,           0.0048768,           0.0048768,           0.0048768
                 209,            0.019469,           0.0081446,            0.024682,             0.57492,             0.72929,             0.66574,             0.54161,            0.017131,            0.002386,            0.027063,            0.004852,            0.004852,            0.004852
                 210,            0.019474,           0.0081826,            0.023219,             0.58301,             0.72752,              0.6661,             0.54175,             0.01714,            0.002386,            0.027142,           0.0048272,           0.0048272,           0.0048272
                 211,            0.019995,           0.0079145,            0.024656,             0.56734,             0.73436,             0.66613,             0.54187,            0.017144,           0.0023855,            0.027203,           0.0048025,           0.0048025,           0.0048025
                 212,            0.020097,           0.0080003,            0.024637,             0.56733,             0.73469,             0.66675,             0.54231,            0.017146,           0.0023859,            0.027276,           0.0047778,           0.0047778,           0.0047778
                 213,            0.019153,           0.0079933,             0.02309,             0.56793,             0.73461,             0.66661,             0.54236,            0.017146,           0.0023858,            0.027316,            0.004753,            0.004753,            0.004753
                 214,            0.020182,           0.0080985,            0.023219,             0.56863,             0.73438,             0.66697,             0.54251,            0.017155,           0.0023855,            0.027358,           0.0047283,           0.0047283,           0.0047283
                 215,             0.01981,           0.0082817,            0.027987,             0.56817,             0.73445,             0.66612,             0.54235,            0.017158,           0.0023861,            0.027391,           0.0047035,           0.0047035,           0.0047035
                 216,             0.01877,           0.0079937,            0.023955,             0.56723,             0.73573,             0.66642,             0.54273,            0.017157,           0.0023864,            0.027397,           0.0046788,           0.0046788,           0.0046788
                 217,            0.019262,           0.0079977,            0.025572,             0.57818,             0.73108,               0.667,             0.54304,            0.017157,           0.0023859,            0.027388,            0.004654,            0.004654,            0.004654
                 218,            0.019617,           0.0080197,            0.024836,             0.56769,             0.73658,             0.66694,             0.54284,            0.017156,           0.0023861,            0.027401,           0.0046293,           0.0046293,           0.0046293
                 219,            0.019075,           0.0078335,            0.024333,             0.57416,             0.73035,             0.66671,             0.54277,            0.017153,           0.0023856,            0.027457,           0.0046045,           0.0046045,           0.0046045
                 220,            0.019921,           0.0080378,            0.024157,             0.57783,             0.72116,             0.66667,             0.54275,            0.017153,           0.0023858,            0.027504,           0.0045798,           0.0045798,           0.0045798
                 221,            0.019421,           0.0080858,            0.024274,             0.57854,             0.71588,             0.66711,             0.54319,            0.017157,           0.0023857,            0.027569,            0.004555,            0.004555,            0.004555
                 222,             0.01869,           0.0079626,            0.023961,             0.57826,             0.71119,               0.666,              0.5415,            0.017152,           0.0023852,            0.027624,           0.0045303,           0.0045303,           0.0045303
                 223,            0.019191,           0.0080624,            0.022858,             0.56762,              0.7415,             0.66594,              0.5416,            0.017155,           0.0023852,            0.027623,           0.0045055,           0.0045055,           0.0045055
                 224,            0.018476,           0.0079331,            0.023965,              0.5619,             0.74659,             0.66595,             0.54186,            0.017157,           0.0023851,            0.027566,           0.0044808,           0.0044808,           0.0044808
                 225,            0.019602,           0.0080182,            0.024283,             0.56451,             0.74229,             0.66534,             0.54187,             0.01716,           0.0023847,            0.027572,            0.004456,            0.004456,            0.004456
                 226,            0.018646,           0.0081477,            0.024449,             0.56654,             0.74029,             0.66562,              0.5427,             0.01717,           0.0023849,            0.027565,           0.0044313,           0.0044313,           0.0044313
                 227,            0.018767,           0.0082281,             0.02444,              0.5656,             0.74131,             0.66558,             0.54258,            0.017178,           0.0023855,            0.027532,           0.0044065,           0.0044065,           0.0044065
                 228,            0.018977,           0.0079781,             0.02392,             0.56423,             0.73974,             0.66544,             0.54241,            0.017186,           0.0023858,             0.02753,           0.0043818,           0.0043818,           0.0043818
                 229,             0.02006,           0.0081877,            0.025921,             0.56398,              0.7369,             0.66552,             0.54217,            0.017188,           0.0023861,            0.027532,            0.004357,            0.004357,            0.004357
                 230,            0.018636,           0.0081267,            0.024298,             0.56492,             0.73535,             0.66557,             0.54207,            0.017185,           0.0023865,            0.027502,           0.0043323,           0.0043323,           0.0043323
                 231,            0.018027,           0.0080816,            0.025271,             0.56583,             0.73266,             0.66663,             0.54283,            0.017183,           0.0023871,            0.027492,           0.0043075,           0.0043075,           0.0043075
                 232,            0.018855,           0.0081049,            0.028043,             0.56285,             0.73894,             0.66717,             0.54341,            0.017184,            0.002388,            0.027567,           0.0042828,           0.0042828,           0.0042828
                 233,            0.019424,           0.0081339,            0.026262,             0.56586,             0.73805,             0.66609,             0.54271,            0.017188,            0.002389,            0.027606,            0.004258,            0.004258,            0.004258
                 234,            0.020156,           0.0079804,            0.024288,             0.56637,             0.74412,             0.66594,             0.54233,            0.017187,           0.0023892,            0.027651,           0.0042333,           0.0042333,           0.0042333
                 235,            0.018123,           0.0080395,            0.024014,             0.56801,             0.74429,              0.6652,              0.5417,            0.017175,           0.0023898,            0.027704,           0.0042085,           0.0042085,           0.0042085
                 236,            0.019039,           0.0079451,            0.023186,             0.56607,             0.74471,             0.66446,             0.54125,            0.017179,           0.0023903,             0.02776,           0.0041837,           0.0041837,           0.0041837
                 237,            0.019136,           0.0079268,            0.022214,             0.56707,              0.7462,             0.66362,             0.54062,            0.017181,           0.0023903,            0.027786,            0.004159,            0.004159,            0.004159
                 238,            0.019545,           0.0083544,            0.026954,             0.56858,             0.74663,             0.66416,             0.54138,            0.017184,           0.0023913,             0.02775,           0.0041342,           0.0041342,           0.0041342
                 239,             0.01815,           0.0079033,            0.023371,             0.56855,             0.74698,             0.66453,             0.54146,            0.017182,            0.002392,             0.02776,           0.0041095,           0.0041095,           0.0041095
                 240,            0.018512,           0.0079449,            0.023726,             0.56834,             0.74695,              0.6643,              0.5408,            0.017177,           0.0023923,            0.027793,           0.0040847,           0.0040847,           0.0040847
                 241,            0.018736,           0.0079195,            0.023248,             0.56828,             0.74704,             0.66405,             0.54056,            0.017178,           0.0023929,            0.027818,             0.00406,             0.00406,             0.00406
                 242,            0.018892,           0.0079211,            0.023831,             0.57058,              0.7455,              0.6641,             0.54103,            0.017166,           0.0023928,            0.027837,           0.0040352,           0.0040352,           0.0040352
                 243,            0.018638,           0.0081105,            0.025038,             0.56949,             0.74244,             0.66492,             0.54186,            0.017162,           0.0023926,            0.027841,           0.0040105,           0.0040105,           0.0040105
                 244,            0.018067,           0.0079456,            0.024891,             0.57073,             0.74097,             0.66476,             0.54158,            0.017159,           0.0023929,            0.027819,           0.0039857,           0.0039857,           0.0039857
                 245,            0.018287,           0.0079618,            0.023302,             0.58116,              0.7214,             0.66484,             0.54128,            0.017159,           0.0023928,            0.027802,            0.003961,            0.003961,            0.003961
                 246,            0.018122,           0.0077808,             0.02383,             0.58192,              0.7214,             0.66535,             0.54216,            0.017165,            0.002393,            0.027777,           0.0039362,           0.0039362,           0.0039362
                 247,            0.018767,           0.0077836,            0.022962,             0.58433,              0.7214,             0.66472,             0.54148,            0.017169,           0.0023936,            0.027775,           0.0039115,           0.0039115,           0.0039115
                 248,            0.018087,           0.0079849,            0.023728,             0.58716,             0.71898,             0.66451,             0.54154,            0.017169,           0.0023937,            0.027751,           0.0038867,           0.0038867,           0.0038867
                 249,            0.018217,           0.0081124,            0.024046,             0.58526,             0.71786,             0.66423,             0.54168,            0.017161,           0.0023941,            0.027761,            0.003862,            0.003862,            0.003862
                 250,            0.018891,           0.0082255,            0.027007,             0.58527,             0.71769,             0.66407,             0.54141,            0.017163,           0.0023942,            0.027795,           0.0038372,           0.0038372,           0.0038372
                 251,             0.01797,           0.0078744,            0.023478,             0.58509,              0.7154,             0.66366,             0.54076,            0.017166,           0.0023944,            0.027899,           0.0038125,           0.0038125,           0.0038125
                 252,            0.017937,           0.0078959,            0.023352,             0.58333,             0.71991,             0.66383,             0.54076,            0.017163,           0.0023941,            0.027946,           0.0037878,           0.0037878,           0.0037878
                 253,            0.018448,           0.0079934,            0.024464,             0.58534,             0.71763,             0.66319,             0.54055,            0.017161,           0.0023935,            0.027915,            0.003763,            0.003763,            0.003763
                 254,            0.019887,           0.0078618,            0.022745,             0.58282,             0.71997,             0.66298,             0.54027,             0.01716,           0.0023934,            0.027864,           0.0037383,           0.0037383,           0.0037383
                 255,            0.018835,           0.0079772,            0.024132,             0.58145,             0.72494,             0.66316,             0.54055,            0.017152,           0.0023933,            0.027826,           0.0037135,           0.0037135,           0.0037135
                 256,            0.018408,           0.0080079,            0.023314,             0.58168,             0.72674,             0.66322,             0.54034,            0.017138,            0.002393,            0.027795,           0.0036888,           0.0036888,           0.0036888
                 257,            0.018688,           0.0078141,            0.022404,             0.58191,             0.72575,             0.66321,             0.54058,            0.017132,           0.0023931,            0.027773,            0.003664,            0.003664,            0.003664
                 258,            0.017981,           0.0078216,            0.023035,             0.58071,             0.72365,             0.66321,             0.54033,            0.017129,           0.0023936,            0.027733,           0.0036393,           0.0036393,           0.0036393
                 259,             0.01815,           0.0078044,            0.023487,             0.58137,              0.7244,              0.6628,             0.53984,            0.017123,           0.0023937,            0.027709,           0.0036145,           0.0036145,           0.0036145
                 260,            0.018318,           0.0079133,            0.023775,             0.58297,             0.72313,             0.66216,             0.53895,            0.017122,           0.0023943,            0.027664,           0.0035898,           0.0035898,           0.0035898
                 261,            0.018214,           0.0078765,             0.02236,              0.5831,             0.72434,             0.66238,             0.53937,            0.017118,            0.002395,            0.027633,            0.003565,            0.003565,            0.003565
                 262,            0.018147,           0.0078448,            0.025528,             0.58307,             0.72685,             0.66189,              0.5386,            0.017111,           0.0023954,            0.027587,           0.0035403,           0.0035403,           0.0035403
                 263,            0.018149,            0.007845,            0.021305,             0.58516,             0.72625,             0.66141,             0.53861,            0.017098,           0.0023953,            0.027544,           0.0035155,           0.0035155,           0.0035155
                 264,            0.018327,           0.0076793,             0.02056,             0.58432,             0.72585,             0.66111,             0.53842,            0.017086,           0.0023957,            0.027532,           0.0034908,           0.0034908,           0.0034908
                 265,             0.01769,           0.0077228,            0.022288,             0.58549,             0.72437,             0.66083,              0.5381,            0.017082,           0.0023956,            0.027522,            0.003466,            0.003466,            0.003466
                 266,            0.017837,           0.0078198,            0.021679,             0.58547,             0.72538,             0.66011,              0.5372,            0.017083,           0.0023959,            0.027551,           0.0034413,           0.0034413,           0.0034413
                 267,            0.017696,           0.0075582,            0.020944,              0.5854,             0.72512,              0.6599,             0.53737,             0.01708,           0.0023961,            0.027551,           0.0034165,           0.0034165,           0.0034165
                 268,            0.018148,           0.0077683,            0.021269,             0.58558,             0.72629,             0.65909,             0.53715,            0.017074,           0.0023965,            0.027558,           0.0033918,           0.0033918,           0.0033918
                 269,            0.017771,           0.0076967,             0.02136,             0.58452,             0.72638,             0.65943,             0.53754,            0.017063,           0.0023969,            0.027561,            0.003367,            0.003367,            0.003367
                 270,            0.017851,           0.0078333,            0.020415,             0.58297,             0.72385,              0.6596,             0.53769,            0.017053,            0.002397,            0.027509,           0.0033423,           0.0033423,           0.0033423
                 271,            0.017288,           0.0076583,            0.020967,             0.58182,             0.72883,             0.66015,             0.53807,            0.017047,           0.0023976,            0.027493,           0.0033175,           0.0033175,           0.0033175
                 272,            0.018347,           0.0076713,            0.020058,             0.57904,             0.73461,             0.66047,             0.53876,            0.017041,           0.0023976,            0.027486,           0.0032928,           0.0032928,           0.0032928
                 273,            0.017987,           0.0078316,            0.023428,             0.58168,             0.73453,             0.66007,             0.53813,            0.017033,           0.0023984,            0.027464,            0.003268,            0.003268,            0.003268
                 274,             0.01765,           0.0077005,            0.021674,             0.58281,             0.72556,              0.6592,             0.53742,            0.017025,           0.0023983,            0.027479,           0.0032433,           0.0032433,           0.0032433
                 275,            0.017722,           0.0077837,            0.022873,             0.58277,             0.72526,             0.65885,             0.53793,            0.017024,           0.0023982,            0.027528,           0.0032185,           0.0032185,           0.0032185
                 276,            0.017943,           0.0078524,            0.023023,             0.58336,             0.71924,             0.65915,               0.538,            0.017014,           0.0023983,             0.02758,           0.0031938,           0.0031938,           0.0031938
                 277,            0.017914,           0.0077096,            0.020794,             0.58236,             0.71646,             0.65919,             0.53814,               0.017,           0.0023981,            0.027605,            0.003169,            0.003169,            0.003169
                 278,            0.018025,           0.0077476,            0.020782,             0.58277,             0.71697,             0.66005,             0.53884,            0.017004,           0.0023983,            0.027657,           0.0031443,           0.0031443,           0.0031443
                 279,            0.018257,           0.0079088,            0.023282,             0.58275,             0.71607,             0.65991,             0.53829,            0.016995,            0.002398,            0.027671,           0.0031195,           0.0031195,           0.0031195
                 280,            0.016934,           0.0077772,            0.023006,             0.58344,              0.7144,             0.65954,             0.53838,            0.016993,           0.0023987,             0.02772,           0.0030948,           0.0030948,           0.0030948
                 281,            0.018098,           0.0077728,            0.022216,             0.58199,             0.71103,             0.65924,             0.53852,            0.016988,           0.0023986,            0.027743,             0.00307,             0.00307,             0.00307
                 282,            0.018268,           0.0077591,            0.021428,             0.58151,             0.71339,             0.65858,             0.53809,            0.016977,           0.0023984,            0.027822,           0.0030452,           0.0030452,           0.0030452
                 283,            0.018175,           0.0077239,            0.021938,             0.58179,             0.70924,             0.65813,             0.53743,             0.01697,           0.0023984,            0.027875,           0.0030205,           0.0030205,           0.0030205
                 284,            0.018498,           0.0076647,            0.020301,             0.58217,             0.70906,             0.65785,              0.5373,            0.016966,           0.0023982,            0.027922,           0.0029957,           0.0029957,           0.0029957
                 285,            0.018111,           0.0077495,            0.021888,             0.56934,             0.73384,             0.65762,             0.53698,            0.016953,           0.0023985,            0.027925,            0.002971,            0.002971,            0.002971
                 286,            0.017741,           0.0077298,            0.020208,             0.56839,             0.73221,             0.65764,             0.53685,            0.016944,           0.0023989,            0.027972,           0.0029462,           0.0029462,           0.0029462
                 287,            0.017519,           0.0076351,            0.022188,             0.58265,             0.71229,             0.65793,              0.5376,            0.016922,           0.0023988,            0.027975,           0.0029215,           0.0029215,           0.0029215
                 288,            0.018165,            0.007667,            0.021268,             0.58346,             0.70731,             0.65768,             0.53736,            0.016906,           0.0023993,            0.027984,           0.0028967,           0.0028967,           0.0028967
                 289,            0.017923,            0.007723,            0.021635,             0.58347,             0.70606,             0.65739,              0.5374,            0.016898,           0.0023995,            0.028012,            0.002872,            0.002872,            0.002872
                 290,            0.017056,            0.007684,            0.020282,             0.58365,             0.70645,             0.65706,             0.53672,            0.016889,           0.0023989,            0.028092,           0.0028472,           0.0028472,           0.0028472
                 291,            0.017371,           0.0075728,            0.020262,             0.58448,             0.70715,             0.65862,             0.53881,            0.016885,           0.0023987,            0.028133,           0.0028225,           0.0028225,           0.0028225
                 292,            0.017567,           0.0076521,            0.020438,             0.58302,             0.71087,             0.65833,             0.53816,            0.016873,           0.0023983,             0.02816,           0.0027977,           0.0027977,           0.0027977
                 293,            0.017246,           0.0075517,            0.020498,             0.58218,             0.71245,             0.65801,             0.53796,            0.016862,           0.0023981,              0.0282,            0.002773,            0.002773,            0.002773
                 294,            0.017334,           0.0076297,            0.020888,             0.58179,              0.7095,             0.65732,             0.53753,            0.016852,           0.0023983,            0.028214,           0.0027482,           0.0027482,           0.0027482
                 295,            0.017383,           0.0076046,            0.019332,             0.58484,              0.7078,             0.65609,             0.53603,            0.016841,           0.0023983,            0.028271,           0.0027235,           0.0027235,           0.0027235
                 296,            0.017298,           0.0076121,            0.021125,             0.58762,             0.70465,             0.65638,             0.53597,            0.016822,           0.0023978,            0.028338,           0.0026987,           0.0026987,           0.0026987
                 297,            0.017268,           0.0076863,            0.020826,              0.5881,             0.70129,             0.65593,             0.53611,            0.016805,           0.0023974,            0.028369,            0.002674,            0.002674,            0.002674
                 298,             0.01657,           0.0076204,            0.018947,             0.58969,             0.70327,             0.65545,             0.53564,            0.016786,           0.0023974,            0.028421,           0.0026492,           0.0026492,           0.0026492
                 299,            0.017943,           0.0077093,             0.02158,             0.58912,             0.69988,             0.65413,             0.53523,            0.016781,           0.0023974,            0.028452,           0.0026245,           0.0026245,           0.0026245
                 300,            0.017337,           0.0077472,            0.022162,             0.58968,             0.70016,             0.65434,             0.53515,            0.016772,           0.0023971,            0.028438,           0.0025997,           0.0025997,           0.0025997
                 301,            0.018003,           0.0075173,            0.020417,             0.58834,             0.70628,             0.65431,             0.53501,            0.016761,           0.0023969,            0.028441,            0.002575,            0.002575,            0.002575
                 302,            0.017536,           0.0076136,            0.020628,             0.58752,             0.70799,              0.6539,             0.53481,            0.016754,           0.0023966,            0.028444,           0.0025503,           0.0025503,           0.0025503
                 303,            0.017574,           0.0077203,            0.021914,             0.58735,             0.70814,             0.65297,             0.53385,             0.01675,           0.0023967,            0.028446,           0.0025255,           0.0025255,           0.0025255
                 304,            0.017125,           0.0076583,             0.02068,             0.58686,             0.69027,             0.65221,             0.53292,            0.016741,           0.0023965,            0.028473,           0.0025008,           0.0025008,           0.0025008
                 305,            0.017182,           0.0075341,            0.019439,             0.58692,             0.68995,              0.6528,             0.53297,            0.016736,           0.0023964,            0.028475,            0.002476,            0.002476,            0.002476
                 306,            0.017176,           0.0076298,            0.021068,              0.5866,             0.69786,             0.65319,             0.53321,            0.016729,           0.0023964,            0.028467,           0.0024513,           0.0024513,           0.0024513
                 307,            0.016979,           0.0074731,            0.018398,             0.58709,             0.69109,             0.65255,             0.53266,             0.01672,           0.0023967,            0.028444,           0.0024265,           0.0024265,           0.0024265
                 308,            0.017506,            0.007547,            0.018577,             0.58067,             0.70964,             0.65308,             0.53313,            0.016716,           0.0023968,            0.028408,           0.0024018,           0.0024018,           0.0024018
                 309,             0.01661,           0.0076388,            0.019935,             0.58633,             0.69138,             0.65321,             0.53302,            0.016712,           0.0023968,            0.028378,            0.002377,            0.002377,            0.002377
                 310,            0.017523,           0.0075898,            0.020604,             0.58839,             0.69129,             0.65206,             0.53257,             0.01671,           0.0023973,            0.028284,           0.0023523,           0.0023523,           0.0023523
                 311,             0.01715,            0.007681,            0.021925,             0.58954,             0.69167,             0.65085,               0.531,            0.016711,           0.0023981,            0.028261,           0.0023275,           0.0023275,           0.0023275
                 312,            0.016877,           0.0075368,            0.019358,             0.58998,             0.69152,             0.65118,             0.53127,            0.016697,           0.0023982,             0.02822,           0.0023028,           0.0023028,           0.0023028
                 313,            0.017156,           0.0076164,            0.018558,             0.59069,             0.69792,             0.65029,             0.53059,            0.016695,           0.0023987,            0.028192,            0.002278,            0.002278,            0.002278
                 314,            0.016305,           0.0074661,            0.018997,             0.58675,             0.70195,             0.64979,             0.52982,            0.016695,            0.002399,            0.028162,           0.0022533,           0.0022533,           0.0022533
                 315,            0.017078,           0.0076026,            0.019886,             0.58582,             0.70318,             0.64932,             0.52994,             0.01669,           0.0023996,            0.028146,           0.0022285,           0.0022285,           0.0022285
                 316,            0.017668,           0.0075006,             0.01988,             0.59338,             0.69567,             0.64994,             0.53074,            0.016686,           0.0023994,            0.028126,           0.0022038,           0.0022038,           0.0022038
                 317,             0.01678,           0.0073272,            0.018561,              0.5868,             0.70303,             0.64931,             0.53018,            0.016685,           0.0023998,            0.028139,            0.002179,            0.002179,            0.002179
                 318,            0.016149,           0.0075156,            0.019174,             0.59136,             0.69715,             0.64941,             0.53048,            0.016677,           0.0024001,            0.028142,           0.0021543,           0.0021543,           0.0021543
                 319,            0.016303,           0.0074002,            0.018456,             0.59314,             0.69328,             0.64962,             0.53056,            0.016669,           0.0024001,            0.028128,           0.0021295,           0.0021295,           0.0021295
                 320,            0.016633,           0.0074104,            0.017728,             0.59532,             0.69496,             0.64889,             0.53007,            0.016658,           0.0023997,            0.028139,           0.0021048,           0.0021048,           0.0021048
                 321,             0.01724,            0.007471,            0.019287,             0.59418,              0.6949,             0.64894,             0.53068,             0.01665,           0.0023994,            0.028123,             0.00208,             0.00208,             0.00208
                 322,            0.016274,           0.0074059,            0.021185,             0.60089,             0.68866,             0.64844,              0.5295,            0.016641,           0.0023996,            0.028101,           0.0020553,           0.0020553,           0.0020553
                 323,            0.016509,            0.007473,             0.01997,             0.59374,             0.69397,             0.64777,              0.5291,             0.01664,           0.0023995,            0.028104,           0.0020305,           0.0020305,           0.0020305
                 324,            0.016351,           0.0075016,            0.019894,              0.6015,             0.68876,             0.64843,             0.52932,            0.016635,           0.0023992,            0.028092,           0.0020058,           0.0020058,           0.0020058
                 325,            0.016447,           0.0073736,            0.018761,             0.60005,             0.68962,             0.64849,             0.52872,            0.016633,            0.002399,             0.02807,            0.001981,            0.001981,            0.001981
                 326,            0.016389,           0.0074235,            0.016935,             0.59756,             0.69205,             0.64806,             0.52837,            0.016628,           0.0023987,            0.028057,           0.0019563,           0.0019563,           0.0019563
                 327,            0.016673,           0.0074323,             0.01901,             0.58913,             0.69888,             0.64802,             0.52805,            0.016626,           0.0023987,            0.028046,           0.0019315,           0.0019315,           0.0019315
                 328,            0.015688,           0.0074735,            0.018286,             0.59554,             0.69471,             0.64834,             0.52889,            0.016621,           0.0023984,            0.028063,           0.0019068,           0.0019068,           0.0019068
                 329,            0.016487,           0.0073667,             0.01841,             0.59552,             0.69596,             0.64845,             0.52949,            0.016617,           0.0023978,            0.028028,            0.001882,            0.001882,            0.001882
                 330,            0.016191,           0.0073869,            0.018969,             0.59371,             0.69676,             0.64839,             0.52959,            0.016611,           0.0023983,            0.028016,           0.0018572,           0.0018572,           0.0018572
                 331,            0.016516,           0.0074201,            0.018887,             0.59023,             0.69693,             0.64791,             0.52939,            0.016613,           0.0023983,            0.028054,           0.0018325,           0.0018325,           0.0018325
                 332,            0.016689,           0.0073441,             0.01825,             0.59011,             0.69787,              0.6478,             0.52921,            0.016609,           0.0023986,            0.028112,           0.0018077,           0.0018077,           0.0018077
